Stamp,ID
5115110185W21271500001,"null	"
5115110185W21271500002,"195713070097395	"
5115110185W21271500003,"197912093240728	"
5115110185W21271500004,"null	"
5115110185W21271500005,"null	"
5115110185W21271500006,"null	"
5115110185W21271500007,"194613558309757	"
5115110185W21271500008,"null	"
5115110185W21271500009,"181419419122841	"
5115110185W21271500010,"null	"
5115110185W21271500011,"194613558302939	"
5115110185W21271500012,"193514046673039	"
5115110185W21271500013,"null	"
5115110185W21271500014,"189116000529857	"
5115110185W21271500015,"177021372721352	"
5115110185W22181400001,"null	"
5115110185W22181400002,"null	"
5115110185W22181400003,"null	"
5115110185W22181400004,"186916977435788	"
5115110185W22181400005,"null	"
5115110185W22181400006,"184717954188181	"
5115110185W22181400007,"null	"
5115110185W22181400008,"null	"
5115110185W22181400009,"null	"
5115110185W22181400010,"null	"
5115110185W22181400011,"null	"
5115110185W22181400012,"null	"
5115110185W22181400013,"null	"
5115110185W22181400014,"null	"
5115110185W22181400015,"null	"
5115110185W22181400016,"null	"
5115110185W22181400017,"null	"
5115110185W22181400018,"182518930938713	"
5115110185W22181400019,"null	"
5115110185W22181400020,"null	"
5115110185W22181400021,"null	"
5115110185W22181400022,"null	"
5115110185W22181400023,"null	"
5115110185W22181400024,"null	"
5115110185W22181400025,"null	"
5115110185W22181400026,"null	"
5115110185W22181400027,"192414535464927	"
5115110185W22181400028,"null	"
5115110185W22181400029,"null	"
5115110185W22181400030,"190215512260159	"
5115110185W22181400031,"null	"
5115110185W22181400032,"197912093456257	"
5115110185W22181400033,"null	"
5115110185W22181400034,"null	"
5115110185W22181400035,"null	"
5115110185W22181400036,"null	"
5115110185W22181400037,"null	"
5115110185W22181400038,"null	"
5115110185W22181400039,"null	"
5115110185W22181400040,"null	"
5115110185W22181400041,"null	"
5115110185W22181400042,"null	"
5115110185W22181400043,"null	"
5115110185W22181400044,"null	"
5115110185W22181400045,"null	"
5115110185W22181400046,"null	"
5115110185W22181400047,"null	"
5115110185W22181400048,"175921861068705	"
5115110185W22181400049,"null	"
5115110185W22181400050,"null	"
5115110185W22181400051,"null	"
5115110185W22181400052,"null	"
5115110185W22181400053,"null	"
5115110185W22181400054,"184717954134046	"
5115110185W22181400055,"null	"
5115110185W22181400056,"null	"
5115110185W22181400057,"null	"
5115110185W22181400058,"null	"
5115110185W22181400059,"196812581769692	"
5115110185W22181400060,"null	"
5115110185W22181400061,"null	"
5115110185W22181400062,"null	"
5115110185W22181400063,"177021372721759	"
5115110185W22181400064,"null	"
5115110185W22181400065,"null	"
5115110185W22181400066,"null	"
5115110185W22181400067,"null	"
5115110185W22181400068,"null	"
5115110185W22181400069,"null	"
5115110185W22181400070,"null	"
5115110185W22181400071,"null	"
5115110185W22181400072,"null	"
5115110185W22181400073,"null	"
5115110185W22181400074,"null	"
5115110185W22181400075,"null	"
5115110185W22181400076,"null	"
5115110185W22181400077,"null	"
5115110185W22181400078,"null	"
5115110185W22181400079,"null	"
5115110185W22181400080,"null	"
5115110185W22181400081,"null	"
5115110185W22181400082,"null	"
5115110185W22181400083,"null	"
5115110185W22181400084,"null	"
5115110185W22181400085,"null	"
5115110185W22181400086,"null	"
5115110185W22181400087,"null	"
5115110185W22181400088,"null	"
5115110185W22181400089,"null	"
5115110185W22181400090,"null	"
5115110185W22181400091,"null	"
5115110185W22181400092,"null	"
5115110185W22181400093,"null	"
5115110185W22181400094,"null	"
5115110185W22181400095,"null	"
5115110185W22181400096,"null	"
5115110185W22181400097,"null	"
5115110185W22181400098,"null	"
5115110185W22181400099,"null	"
5115110185W22181400100,"null	"
5115110185W22181400101,"null	"
5115110185W22181400102,"188016489100699	"
5115110185W22181400103,"null	"
5115110185W22181400104,"null	"
5115110185W22181400105,"178120884386569	"
5115110185W22181400106,"null	"
5115110185W22181400107,"null	"
5115110185W22181400108,"null	"
5115110185W22181400109,"null	"
5115110185W22181400110,"183618442567110	"
5115110185W22181400111,"193514046890075	"
5115110185W22181400112,"null	"
5115110185W22181400113,"186916977454297	"
5115110185W22181400114,"null	"
5115110185W22181400115,"null	"
5115110185W22181400116,"null	"
5115110185W22181400117,"192414535520473	"
5115110185W22181400118,"null	"
5115110185W22181400119,"null	"
5115110185W22181400120,"null	"
5115110185W22181400121,"null	"
5115110185W22181400122,"188016489004132	"
5115110185W22181400123,"178120884331837	"
5115110185W22181400124,"null	"
5115110185W22181400125,"null	"
5115110185W22181400126,"186916977458420	"
5115110185W22181400127,"null	"
5115110185W22181400128,"null	"
5115110185W22181400129,"null	"
5115110185W22181400130,"null	"
5115110185W22181400131,"null	"
5115110185W22181400132,"null	"
5115110185W22181400133,"null	"
5115110185W22181400134,"null	"
5115110185W22181400135,"null	"
5115110185W22181400136,"null	"
5115110185W22181400137,"181419419296292	"
5115110185W22181400138,"null	"
5115110185W22181400139,"null	"
5115110185W22181400140,"193514046892924	"
5115110185W22181400141,"null	"
5115110185W22181400142,"197912093420278	"
5115110185W22181400143,"189116000644850	"
5115110185W22181400144,"175921861094474	"
5115110185W22181400145,"null	"
5115110185W22181400146,"null	"
5115110185W22181400147,"null	"
5115110185W22181400148,"null	"
5115110185W22181400149,"182518930916970	"
5115110185W22181400150,"null	"
5115110185W22181400151,"null	"
5115110185W22181400152,"null	"
5115110185W22181400153,"177021372751827	"
5115110185W22181400154,"null	"
5115110185W22181400155,"null	"
5115110185W22181400156,"null	"
5115110185W22181400157,"null	"
5115110185W22181400158,"null	"
5115110185W22181400159,"197912093423890	"
5115110185W22181400160,"null	"
5115110185W22181400161,"182518930867779	"
5115110185W22181400162,"190215512246949	"
5115110185W22181400163,"null	"
5115110185W22181400164,"null	"
5115110185W22181400165,"194613558522414	"
5115110185W22181400166,"null	"
5115110185W22181400167,"189116000665468	"
5115110185W22181400168,"179220395955981	"
5115110185W22181400169,"null	"
5115110185W22181400170,"182518930888743	"
5115110185W22181400171,"null	"
5115110185W22181400172,"null	"
5115110185W22181400173,"null	"
5115110185W22181400174,"179220396026965	"
5115110185W22181400175,"null	"
5115110185W22181400176,"184717954164618	"
5115110185W22181400177,"null	"
5115110185W22181400178,"186916977381928	"
5115110185W22181400179,"181419419225093	"
5115110185W22181400180,"null	"
5115110185W22181400181,"195713070070213	"
5115110185W22181400182,"null	"
5115110185W22181400183,"null	"
5115110185W22181400184,"null	"
5115110185W22181400185,"null	"
5115110185W22181400186,"182518930861492	"
5115110185W22181400187,"193514046834170	"
5115110185W22181400188,"null	"
5115110185W22181400189,"null	"
5115110185W22181400190,"188016489013799	"
5115110185W22181400191,"null	"
5115110185W22181400192,"null	"
5115110185W22181400193,"null	"
5115110185W22181400194,"181419419246285	"
5115110185W22181400195,"null	"
5115110185W22181400196,"null	"
5115110185W22181400197,"193514046824842	"
5115110185W22181400198,"null	"
5115110185W22181400199,"null	"
5115110185W22181400200,"null	"
5115110185W22191400001,"null	"
5115110185W22191400002,"null	"
5115110185W22191400003,"null	"
5115110185W22191400004,"null	"
5115110185W22191400005,"null	"
5115110185W22191400006,"null	"
5115110185W22191400007,"null	"
5115110185W22191400008,"null	"
5115110185W22191400009,"null	"
5115110185W22191400010,"null	"
5115110185W22191400011,"null	"
5115110185W22191400012,"null	"
5115110185W22191400013,"null	"
5115110185W22191400014,"null	"
5115110185W22191400015,"null	"
5115110185W22191400016,"192414535489373	"
5115110185W22191400017,"null	"
5115110185W22191400018,"null	"
5115110185W22191400019,"null	"
5115110185W22191400020,"null	"
5115110185W22191400021,"null	"
5115110185W22191400022,"null	"
5115110185W22191400023,"null	"
5115110185W22191400024,"null	"
5115110185W22191400025,"null	"
5115110185W22191400026,"null	"
5115110185W22191400027,"null	"
5115110185W22191400028,"null	"
5115110185W22191400029,"null	"
5115110185W22191400030,"null	"
5115110185W22191400031,"null	"
5115110185W22191400032,"null	"
5115110185W22191400033,"null	"
5115110185W22191400034,"null	"
5115110185W22191400035,"null	"
5115110185W22191400036,"null	"
5115110185W22191400037,"null	"
5115110185W22191400038,"null	"
5115110185W22191400039,"null	"
5115110185W22191400040,"null	"
5115110185W22191400041,"null	"
5115110185W22191400042,"null	"
5115110185W22191400043,"null	"
5115110185W22191400044,"null	"
5115110185W22191400045,"null	"
5115110185W22191400046,"null	"
5115110185W22191400047,"null	"
5115110185W22191400048,"null	"
5115110185W22191400049,"null	"
5115110185W22191400050,"null	"
5115110185W22191400051,"null	"
5115110185W22191400052,"null	"
5115110185W22191400053,"null	"
5115110185W22191400054,"null	"
5115110185W22191400055,"null	"
5115110185W22191400056,"null	"
5115110185W22191400057,"null	"
5115110185W22191400058,"null	"
5115110185W22191400059,"186916977420260	"
5115110185W22191400060,"null	"
5115110185W22191400061,"null	"
5115110185W22191400062,"null	"
5115110185W22191400063,"null	"
5115110185W22191400064,"null	"
5115110185W22191400065,"null	"
5115110185W22191400066,"null	"
5115110185W22191400067,"null	"
5115110185W22191400068,"null	"
5115110185W22191400069,"null	"
5115110185W22191400070,"null	"
5115110185W22191400071,"null	"
5115110185W22191400072,"null	"
5115110185W22191400073,"null	"
5115110185W22191400074,"null	"
5115110185W22191400075,"null	"
5115110185W22191400076,"null	"
5115110185W22191400077,"null	"
5115110185W22191400078,"null	"
5115110185W22191400079,"195713070084468	"
5115110185W22191400080,"null	"
5115110185W22191400081,"null	"
5115110185W22191400083,"null	"
5115110185W22191400084,"null	"
5115110185W22191400085,"null	"
5115110185W22191400086,"null	"
5115110185W22191400087,"null	"
5115110185W22191400088,"null	"
5115110185W22191400089,"null	"
5115110185W22191400090,"null	"
5115110185W22191400091,"null	"
5115110185W22191400092,"null	"
5115110185W22191400093,"null	"
5115110185W22191400094,"null	"
5115110185W22191400095,"null	"
5115110185W22191400096,"null	"
5115110185W22191400097,"183618442502925	"
5115110185W22191400098,"null	"
5115110185W22191400099,"null	"
5115110185W22191400100,"null	"
5115110185W22191400101,"null	"
5115110185W22191400102,"null	"
5115110185W22191400103,"null	"
5115110185W22191400104,"null	"
5115110185W22191400105,"null	"
5115110185W22191400106,"null	"
5115110185W22191400107,"null	"
5115110185W22191400108,"null	"
5115110185W22191400109,"null	"
5115110185W22191400110,"null	"
5115110185W22191400111,"null	"
5115110185W22191400112,"null	"
5115110185W22191400113,"null	"
5115110185W22191400114,"null	"
5115110185W22191400115,"null	"
5115110185W22191400116,"null	"
5115110185W22191400117,"null	"
5115110185W22191400118,"null	"
5115110185W22191400119,"null	"
5115110185W22191400120,"null	"
5115110185W22191400121,"null	"
5115110185W22191400122,"null	"
5115110185W22191400123,"null	"
5115110185W22191400124,"null	"
5115110185W22191400125,"null	"
5115110185W22191400126,"null	"
5115110185W22191400127,"178120884346706	"
5115110185W22191400128,"null	"
5115110185W22191400129,"null	"
5115110185W22191400130,"null	"
5115110185W22191400131,"null	"
5115110185W22191400132,"null	"
5115110185W22191400133,"null	"
5115110185W22191400134,"null	"
5115110185W22191400135,"null	"
5115110185W22191400136,"null	"
5115110185W22191400137,"null	"
5115110185W22191400138,"190215512241594	"
5115110185W22191400139,"null	"
5115110185W22191400140,"null	"
5115110185W22191400141,"null	"
5115110185W22191400142,"null	"
5115110185W22191400143,"null	"
5115110185W22191400144,"null	"
5115110185W22191400145,"null	"
5115110185W22191400146,"null	"
5115110185W22191400147,"null	"
5115110185W22191400148,"null	"
5115110185W22191400149,"null	"
5115110185W22191400150,"null	"
5115110185W22191400151,"null	"
5115110185W22191400152,"null	"
5115110185W22191400153,"null	"
5115110185W22191400154,"null	"
5115110185W22191400155,"185817465835003	"
5115110185W22191400156,"186916977414184	"
5115110185W22191400157,"null	"
5115110185W22191400158,"null	"
5115110185W22191400159,"null	"
5115110185W22191400160,"null	"
5115110185W22191400161,"null	"
5115110185W22191400162,"null	"
5115110185W22191400163,"null	"
5115110185W22191400164,"null	"
5115110185W22191400165,"null	"
5115110185W22191400166,"null	"
5115110185W22191400167,"null	"
5115110185W22191400168,"null	"
5115110185W22191400169,"null	"
5115110185W22191400170,"null	"
5115110185W22191400171,"null	"
5115110185W22191400172,"192414535548439	"
5115110185W22191400173,"null	"
5115110185W22191400174,"null	"
5115110185W22191400175,"null	"
5115110185W22191400176,"null	"
5115110185W22191400177,"null	"
5115110185W22191400178,"null	"
5115110185W22191400179,"null	"
5115110185W22191400180,"null	"
5115110185W22191400181,"null	"
5115110185W22191400182,"null	"
5115110185W22191400183,"null	"
5115110185W22191400184,"null	"
5115110185W22191400185,"null	"
5115110185W22191400186,"178120884416670	"
5115110185W22191400187,"null	"
5115110185W22191400188,"null	"
5115110185W22191400189,"null	"
5115110185W22191400190,"null	"
5115110185W22191400191,"null	"
5115110185W22191400192,"null	"
5115110185W22191400193,"null	"
5115110185W22191400194,"null	"
5115110185W22191400195,"null	"
5115110185W22191400196,"null	"
5115110185W22191400197,"194613558501103	"
5115110185W22191400198,"null	"
5115110185W22191400199,"null	"
5115110185W22191400200,"null	"
5115110185W22191400201,"null	"
5115110185W22191400202,"null	"
5115110185W22191400203,"null	"
5115110185W22191400204,"null	"
5115110185W22191400205,"null	"
5115110185W22191400206,"null	"
5115110185W22191400207,"null	"
5115110185W22191400208,"null	"
5115110185W22191400209,"null	"
5115110185W22191400210,"null	"
5115110185W22191400211,"null	"
5115110185W22191400212,"null	"
5115110185W22191400213,"null	"
5115110185W22191400214,"null	"
5115110185W22191400215,"null	"
5115110185W22191400216,"null	"
5115110185W22191400217,"null	"
5115110185W22191400218,"null	"
5115110185W22191400219,"null	"
5115110185W22191400220,"null	"
5115110185W22191400221,"null	"
5115110185W22191400222,"null	"
5115110185W22191400223,"null	"
5115110185W22191400224,"null	"
5115110185W22191400225,"190215512255492	"
5115110185W22191400226,"null	"
5115110185W22191400227,"null	"
5115110185W22191400228,"null	"
5115110185W22191400229,"null	"
5115110185W22191400230,"null	"
5115110185W22191400231,"177021372763518	"
5115110185W22191400232,"177021372784850	"
5115110185W22191400233,"null	"
5115110185W22191400234,"null	"
5115110185W22191400235,"null	"
5115110185W22191400236,"null	"
5115110185W22191400237,"null	"
5115110185W22191400238,"196812581736122	"
5115110185W22191400239,"null	"
5115110185W22191400240,"null	"
5115110185W22191400241,"null	"
5115110185W22191400242,"182518930917212	"
5115110185W22191400243,"181419419217105	"
5115110185W22191400244,"183618442560430	"
5115110185W22191400245,"null	"
5115110185W22191400246,"193514046812757	"
5115110185W22191400247,"192414535473664	"
5115110185W22191400248,"null	"
5115110185W22191400249,"null	"
5115110185W22191400250,"183618442476780	"
5115110185W22191400251,"null	"
5115110185W22191400252,"null	"
5115110185W22191400253,"null	"
5115110185W22191400254,"null	"
5115110185W22191400255,"186916977460774	"
5115110185W22191400256,"null	"
5115110185W22191400257,"186916977373180	"
5115110185W22191400258,"175921861141161	"
5115110185W22191400259,"null	"
5115110185W22191400260,"null	"
5115110185W22191400261,"null	"
5115110185W22191400262,"189116000579695	"
5115110185W22191400263,"null	"
5115110185W22191400264,"null	"
5115110185W22191400265,"null	"
5115110185W22191400266,"null	"
5115110185W22191400267,"null	"
5115110185W22191400268,"null	"
5115110185W22191400269,"null	"
5115110185W22191400270,"null	"
5115110185W22191400271,"null	"
5115110185W22191400272,"null	"
5115110185W22191400273,"null	"
5115110185W22191400274,"196812581744659	"
5115110185W22191400275,"null	"
5115110185W22191400276,"null	"
5115110185W22191400277,"195713070104538	"
5115110185W22191400278,"185817465738524	"
5115110185W22191400279,"null	"
5115110185W22191400280,"null	"
5115110185W22191400281,"null	"
5115110185W22191400282,"null	"
5115110185W22191400283,"186916977412089	"
5115110185W22191400284,"null	"
5115110185W22191400285,"null	"
5115110185W22191400286,"null	"
5115110185W22191400287,"182518930894915	"
5115110185W22191400288,"null	"
5115110185W22191400289,"null	"
5115110185W22191400290,"null	"
5115110185W22191400291,"null	"
5115110185W22191400292,"null	"
5115110185W22191400293,"null	"
5115110185W22191400294,"null	"
5115110185W22191400295,"null	"
5115110185W22191400296,"null	"
5115110185W22191400297,"null	"
5115110185W22191400298,"null	"
5115110185W22191400300,"null	"
5115110185W22191400301,"null	"
5115110185W22191400302,"null	"
5115110185W22191400303,"null	"
5115110185W22191400304,"null	"
5115110185W22191400305,"null	"
5115110185W22191400306,"null	"
5115110185W22191400307,"null	"
5115110185W22191400308,"null	"
5115110185W22191400309,"177021372760356	"
5115110185W22191400310,"180319907651006	"
5115110185W22191400311,"null	"
5115110185W22191400312,"190215512208313	"
5115110185W22191400313,"null	"
5115110185W22191400314,"null	"
5115110185W22191400315,"null	"
5115110185W22191400316,"null	"
5115110185W22191400317,"177021372721922	"
5115110185W22191400318,"null	"
5115110185W22191400319,"null	"
5115110185W22191400320,"null	"
5115110185W22191400321,"null	"
5115110185W22191400322,"null	"
5115110185W22191400323,"null	"
5115110185W22191400324,"null	"
5115110185W22191400325,"null	"
5115110185W22191400326,"null	"
5115110185W22191400327,"null	"
5115110185W22191400328,"null	"
5115110185W22191400329,"null	"
5115110185W22191400330,"null	"
5115110185W22191400331,"null	"
5115110185W22191400332,"null	"
5115110185W22191400333,"null	"
5115110185W22191400334,"null	"
5115110185W22191400335,"null	"
5115110185W22191400336,"null	"
5115110185W22191400337,"null	"
5115110185W22191400338,"null	"
5115110185W22191400339,"null	"
5115110185W22191400340,"null	"
5115110185W22191400341,"null	"
5115110185W22191400342,"null	"
5115110185W22191400343,"null	"
5115110185W22191400344,"null	"
5115110185W22191400345,"null	"
5115110185W22191400346,"null	"
5115110185W22191400347,"null	"
5115110185W22191400348,"null	"
5115110185W22191400349,"null	"
5115110185W22191400350,"null	"
5115110185W22191400351,"182518930852522	"
5115110185W22191400352,"null	"
5115110185W22191400353,"null	"
5115110185W22191400354,"null	"
5115110185W22191400355,"null	"
5115110185W22191400356,"null	"
5115110185W22191400357,"null	"
5115110185W22191400358,"null	"
5115110185W22191400359,"null	"
5115110185W22191400360,"null	"
5115110185W22191400361,"null	"
5115110185W22191400362,"null	"
5115110185W22191400363,"null	"
5115110185W22191400364,"null	"
5115110185W22191400365,"null	"
5115110185W22191400366,"null	"
5115110185W22191400367,"null	"
5115110185W22191400368,"null	"
5115110185W22191400369,"null	"
5115110185W22191400370,"null	"
5115110185W22191400371,"null	"
5115110185W22191400372,"null	"
5115110185W22191400373,"null	"
5115110185W22191400374,"null	"
5115110185W22191400375,"null	"
5115110185W22191400376,"null	"
5115110185W22191400377,"null	"
5115110185W22191400378,"null	"
5115110185W22191400379,"null	"
5115110185W22191400380,"null	"
5115110185W22191400381,"null	"
5115110185W22191400382,"null	"
5115110185W22191400383,"null	"
5115110185W22191400384,"null	"
5115110185W22191400385,"null	"
5115110185W22191400386,"null	"
5115110185W22191400387,"null	"
5115110185W22191400388,"null	"
5115110185W22191400389,"null	"
5115110185W22191400390,"null	"
5115110185W22191400391,"197912093383929	"
5115110185W22191400392,"null	"
5115110185W22191400393,"null	"
5115110185W22191400394,"null	"
5115110185W22191400395,"null	"
5115110185W22191400396,"null	"
5115110185W22191400397,"null	"
5115110185W22191400398,"null	"
5115110185W22191400399,"null	"
5115110185W22191400400,"null	"
5115110185W22191400401,"null	"
5115110185W22191400402,"null	"
5115110185W22191400403,"195713070077481	"
5115110185W22191400404,"null	"
5115110185W22191400405,"null	"
5115110185W22191400406,"177021372707034	"
5115110185W22191400407,"null	"
5115110185W22191400408,"178120884363170	"
5115110185W22191400409,"177021372732581	"
5115110185W22191400410,"null	"
5115110185W22191400411,"null	"
5115110185W22191400412,"null	"
5115110185W22191400413,"null	"
5115110185W22191400414,"null	"
5115110185W22191400415,"189116000613436	"
5115110185W22191400416,"null	"
5115110185W22191400417,"null	"
5115110185W22191400418,"null	"
5115110185W22191400419,"186916977463593	"
5115110185W22191400420,"180319907631718	"
5115110185W22191400421,"null	"
5115110185W22191400422,"null	"
5115110185W22191400423,"190215512265950	"
5115110185W22191400424,"null	"
5115110185W22191400425,"null	"
5115110185W22191400426,"null	"
5115110185W22191400427,"null	"
5115110185W22191400428,"null	"
5115110185W22191400429,"null	"
5115110185W22191400430,"null	"
5115110185W22191400431,"null	"
5115110185W22191400432,"null	"
5115110185W22191400433,"null	"
5115110185W22191400434,"183618442566715	"
5115110185W22191400435,"null	"
5115110185W22191400436,"null	"
5115110185W22191400437,"null	"
5115110185W22191400438,"null	"
5115110185W22191400439,"null	"
5115110185W22191400440,"null	"
5115110185W22191400441,"null	"
5115110185W22191400442,"179220395979419	"
5115110185W22191400443,"null	"
5115110185W22191400444,"null	"
5115110185W22191400445,"null	"
5115110185W22191400446,"null	"
5115110185W22191400447,"197912093460416	"
5115110185W22191400448,"180319907665113	"
5115110185W22191400449,"null	"
5115110185W22191400450,"196812581782204	"
5115110185W22191400451,"null	"
5115110185W22191400452,"186916977442623	"
5115110185W22191400453,"179220396024395	"
5115110185W22191400454,"null	"
5115110185W22191400455,"null	"
5115110185W22191400456,"null	"
5115110185W22191400457,"null	"
5115110185W22191400458,"null	"
5115110185W22191400459,"null	"
5115110185W22191400460,"null	"
5115110185W22191400461,"null	"
5115110185W22191400462,"null	"
5115110185W22191400463,"null	"
5115110185W22191400464,"189116000650561	"
5115110185W22191400465,"null	"
5115110185W22191400466,"null	"
5115110185W22191400467,"190215512219278	"
5115110185W22191400468,"null	"
5115110185W22191400469,"null	"
5115110185W22191400470,"null	"
5115110185W22191400471,"179220395953554	"
5115110185W22191400472,"null	"
5115110185W22191400473,"null	"
5115110185W22191400474,"null	"
5115110185W22191400475,"null	"
5115110185W22191400476,"null	"
5115110185W22191400477,"null	"
5115110185W22191400478,"null	"
5115110185W22191400479,"null	"
5115110185W22191400480,"null	"
5115110185W22191400481,"null	"
5115110185W22191400482,"null	"
5115110185W22191400483,"null	"
5115110185W22191400484,"null	"
5115110185W22191400485,"null	"
5115110185W22191400486,"null	"
5115110185W22191400487,"null	"
5115110185W22191400488,"null	"
5115110185W22191400489,"null	"
5115110185W22191400490,"null	"
5115110185W22191400491,"null	"
5115110185W22191400492,"null	"
5115110185W22191400493,"null	"
5115110185W22191400494,"null	"
5115110185W22191400495,"null	"
5115110185W22191400496,"null	"
5115110185W22191400497,"179220395992923	"
5115110185W22191400498,"null	"
5115110185W22191400499,"null	"
5115110185W22191400500,"null	"
5115110185W22191400501,"null	"
5115110185W22191400502,"182518930870491	"
5115110185W22191400503,"180319907617946	"
5115110185W22191400504,"183618442499495	"
5115110185W22191400505,"null	"
5115110185W22191400506,"null	"
5115110185W22191400507,"null	"
5115110185W22191400508,"null	"
5115110185W22191400509,"183618442473665	"
5115110185W22191400510,"null	"
5115110185W22191400511,"null	"
5115110185W22191400512,"195713070101000	"
5115110185W22191400513,"null	"
5115110185W22191400514,"null	"
5115110185W22191400515,"190215512224599	"
5115110185W22191400516,"null	"
5115110185W22191400517,"193514046813465	"
5115110185W22191400518,"null	"
5115110185W22191400519,"null	"
5115110185W22191400520,"190215512212297	"
5115110185W22191400521,"null	"
5115110185W22191400522,"null	"
5115110185W22191400523,"null	"
5115110185W22191400524,"null	"
5115110185W22191400525,"null	"
5115110185W22191400526,"null	"
5115110185W22191400527,"null	"
5115110185W22191400528,"null	"
5115110185W22191400529,"null	"
5115110185W22191400530,"null	"
5115110185W22191400531,"null	"
5115110185W22191400532,"null	"
5115110185W22191400533,"null	"
5115110185W22191400534,"null	"
5115110185W22191400535,"null	"
5115110185W22191400536,"null	"
5115110185W22191400537,"null	"
5115110185W22191400538,"null	"
5115110185W22191400539,"null	"
5115110185W22191400540,"null	"
5115110185W22191400541,"null	"
5115110185W22191400542,"184717954110427	"
5115110185W22191400543,"null	"
5115110185W22191400544,"null	"
5115110185W22191400545,"null	"
5115110185W22191400546,"null	"
5115110185W22191400547,"null	"
5115110185W22191400548,"null	"
5115110185W22191400549,"null	"
5115110185W22191400550,"null	"
5115110185W22191400551,"null	"
5115110185W22191400552,"null	"
5115110185W22191400553,"null	"
5115110185W22191400554,"null	"
5115110185W22191400555,"null	"
5115110185W22191400556,"null	"
5115110185W22191400557,"null	"
5115110185W22191400558,"null	"
5115110185W22191400559,"null	"
5115110185W22191400560,"null	"
5115110185W22191400561,"193514046882756	"
5115110185W22191400562,"null	"
5115110185W22191400563,"null	"
5115110185W22191400564,"189116000659888	"
5115110185W22191400565,"null	"
5115110185W22191400566,"null	"
5115110185W22191400567,"181419419281534	"
5115110185W22191400568,"null	"
5115110185W22191400569,"179220396036325	"
5115110185W22191400570,"null	"
5115110185W22191400571,"null	"
5115110185W22191400572,"null	"
5115110185W22191400573,"null	"
5115110185W22191400574,"null	"
5115110185W22191400575,"null	"
5115110185W22191400576,"null	"
5115110185W22191400577,"null	"
5115110185W22191400578,"175921861125341	"
5115110185W22191400579,"null	"
5115110185W22191400580,"null	"
5115110185W22191400581,"null	"
5115110185W22191400582,"null	"
5115110185W22191400583,"null	"
5115110185W22191400584,"null	"
5115110185W22191400585,"null	"
5115110185W22191400586,"null	"
5115110185W22191400587,"null	"
5115110185W22191400588,"null	"
5115110185W22191400589,"null	"
5115110185W22191400590,"null	"
5115110185W22191400591,"null	"
5115110185W22191400592,"null	"
5115110185W22191400593,"null	"
5115110185W22191400594,"null	"
5115110185W22191400595,"null	"
5115110185W22191400596,"null	"
5115110185W22191400597,"null	"
5115110185W22191400598,"null	"
5115110185W22191400599,"null	"
5115110185W22191400600,"null	"
5115110185W22191400601,"null	"
5115110185W22191400602,"null	"
5115110185W22191400603,"null	"
5115110185W22191400604,"null	"
5115110185W22191400605,"null	"
5115110185W22191400606,"null	"
5115110185W22191400607,"null	"
5115110185W22191400608,"null	"
5115110185W22191400609,"null	"
5115110185W22191400610,"null	"
5115110185W22191400611,"null	"
5115110185W22191400612,"null	"
5115110185W22191400613,"null	"
5115110185W22191400614,"null	"
5115110185W22191400615,"null	"
5115110185W22191400616,"null	"
5115110185W22191400617,"null	"
5115110185W22191400618,"null	"
5115110185W22191400619,"null	"
5115110185W22191400620,"null	"
5115110185W22191400621,"null	"
5115110185W22191400622,"null	"
5115110185W22191400623,"null	"
5115110185W22191400624,"null	"
5115110185W22191400625,"null	"
5115110185W22191400626,"null	"
5115110185W22191400627,"null	"
5115110185W22191400628,"null	"
5115110185W22191400629,"null	"
5115110185W22191400630,"null	"
5115110185W22191400631,"null	"
5115110185W22191400632,"null	"
5115110185W22191400633,"null	"
5115110185W22191400634,"null	"
5115110185W22191400635,"null	"
5115110185W22191400636,"null	"
5115110185W22191400637,"null	"
5115110185W22191400638,"null	"
5115110185W22191400639,"null	"
5115110185W22191400640,"null	"
5115110185W22191400641,"null	"
5115110185W22191400642,"null	"
5115110185W22191400643,"null	"
5115110185W22191400644,"null	"
5115110185W22191400645,"null	"
5115110185W22191400646,"null	"
5115110185W22191400647,"null	"
5115110185W22191400648,"null	"
5115110185W22191400649,"null	"
5115110185W22191400650,"null	"
5115110185W22191400651,"null	"
5115110185W22191400652,"null	"
5115110185W22191400653,"null	"
5115110185W22191400654,"null	"
5115110185W22191400655,"null	"
5115110185W22191400656,"179220395983520	"
5115110185W22191400657,"null	"
5115110185W22191400658,"null	"
5115110185W22191400659,"193514046858816	"
5115110185W22191400660,"null	"
5115110185W22191400661,"188016489033318	"
5115110185W22191400662,"null	"
5115110185W22191400663,"null	"
5115110185W22191400664,"179220395962746	"
5115110185W22191400665,"null	"
5115110185W22191400666,"null	"
5115110185W22191400667,"null	"
5115110185W22191400668,"null	"
5115110185W22191400669,"null	"
5115110185W22191400670,"null	"
5115110185W22191400671,"188016489022041	"
5115110185W22191400672,"185817465826519	"
5115110185W22191400673,"null	"
5115110185W22191400674,"null	"
5115110185W22191400675,"null	"
5115110185W22191400676,"null	"
5115110185W22191400677,"188016489073416	"
5115110185W22191400678,"null	"
5115110185W22191400679,"null	"
5115110185W22191400680,"null	"
5115110185W22191400681,"181419419221895	"
5115110185W22191400682,"null	"
5115110185W22191400683,"177021372711914	"
5115110185W22191400684,"null	"
5115110185W22191400685,"180319907646156	"
5115110185W22191400686,"180319907635319	"
5115110185W22191400687,"195713070144750	"
5115110185W22191400688,"186916977423037	"
5115110185W22191400689,"null	"
5115110185W22191400690,"null	"
5115110185W22191400691,"185817465789214	"
5115110185W22191400692,"192414535525808	"
5115110185W22191400693,"194613558454601	"
5115110185W22191400694,"null	"
5115110185W22191400695,"null	"
5115110185W22191400696,"180319907589311	"
5115110185W22191400697,"null	"
5115110185W22191400698,"null	"
5115110185W22191400699,"null	"
5115110185W22191400700,"null	"
5115110185W22191400701,"null	"
5115110185W22191400702,"null	"
5115110185W22191400703,"195713070069972	"
5115110185W22191400704,"182518930886335	"
5115110185W22191400705,"189116000623455	"
5115110185W22191400706,"null	"
5115110185W22191400707,"null	"
5115110185W22191400708,"null	"
5115110185W22191400709,"null	"
5115110185W22191400710,"null	"
5115110185W22191400711,"null	"
5115110185W22191400712,"null	"
5115110185W22191400713,"null	"
5115110185W22191400714,"null	"
5115110185W22191400715,"null	"
5115110185W22191400716,"null	"
5115110185W22191400717,"null	"
5115110185W22191400718,"175921861136833	"
5115110185W22191400719,"null	"
5115110185W22191400720,"189116000610329	"
5115110185W22191400721,"null	"
5115110185W22191400722,"null	"
5115110185W22191400723,"null	"
5115110185W22191400724,"null	"
5115110185W22191400725,"null	"
5115110185W22191400726,"null	"
5115110185W22191400727,"null	"
5115110185W22191400728,"null	"
5115110185W22191400729,"null	"
5115110185W22191400730,"null	"
5115110185W22191400731,"null	"
5115110185W22191400732,"177021372767320	"
5115110185W22191400733,"null	"
5115110185W22191400734,"null	"
5115110185W22191400735,"null	"
5115110185W22191400736,"null	"
5115110185W22191400737,"null	"
5115110185W22191400738,"null	"
5115110185W22191400739,"null	"
5115110185W22191400740,"null	"
5115110185W22191400741,"null	"
5115110185W22191400742,"null	"
5115110185W22191400743,"178120884337239	"
5115110185W22191400744,"192414535503613	"
5115110185W22191400745,"null	"
5115110185W22191400746,"null	"
5115110185W22191400747,"null	"
5115110185W22191400748,"null	"
5115110185W22191400749,"188016489043155	"
5115110185W22191400750,"null	"
5115110185W22191400751,"197912093413778	"
5115110185W22191400752,"196812581737854	"
5115110185W22191400753,"null	"
5115110185W22191400754,"180319907619140	"
5115110185W22191400755,"184717954143564	"
5115110185W22191400756,"185817465796736	"
5115110185W22191400757,"null	"
5115110185W22191400758,"null	"
5115110185W22191400759,"190215512255284	"
5115110185W22191400760,"null	"
5115110185W22191400761,"null	"
5115110185W22191400762,"null	"
5115110185W22191400763,"null	"
5115110185W22191400764,"193514046808950	"
5115110185W22191400765,"193514046822655	"
5115110185W22191400766,"192414535506300	"
5115110185W22191400767,"196812581803296	"
5115110185W22191400768,"null	"
5115110185W22191400769,"194613558527252	"
5115110185W22191400770,"184717954104940	"
5115110185W22191400771,"null	"
5115110185W22191400772,"null	"
5115110185W22191400773,"null	"
5115110185W22191400774,"null	"
5115110185W22191400775,"null	"
5115110185W22191400776,"183618442480903	"
5115110185W22191400777,"null	"
5115110185W22191400778,"null	"
5115110185W22191400779,"null	"
5115110185W22191400780,"178120884354862	"
5115110185W22191400781,"194613558456317	"
5115110185W22191400782,"null	"
5115110185W22191400783,"null	"
5115110185W22191400784,"null	"
5115110185W22191400785,"null	"
5115110185W22191400786,"null	"
5115110185W22191400787,"null	"
5115110185W22191400788,"188016489016044	"
5115110185W22191400789,"180319907651573	"
5115110185W22191400790,"null	"
5115110185W22191400791,"null	"
5115110185W22191400792,"null	"
5115110185W22191400793,"null	"
5115110185W22191400794,"null	"
5115110185W22191400795,"null	"
5115110185W22191400796,"null	"
5115110185W22191400797,"185817465794451	"
5115110185W22191400798,"180319907658508	"
5115110185W22191400799,"197912093434481	"
5115110185W22191400800,"null	"
5115110185W22191400801,"null	"
5115110185W22191400802,"null	"
5115110185W22191400803,"null	"
5115110185W22191400804,"null	"
5115110185W22191400805,"null	"
5115110185W22191400806,"null	"
5115110185W22191400807,"null	"
5115110185W22191400808,"null	"
5115110185W22191400809,"null	"
5115110185W22191400810,"null	"
5115110185W22191400811,"null	"
5115110185W22191400812,"null	"
5115110185W22191400813,"null	"
5115110185W22191400814,"null	"
5115110185W22191400815,"null	"
5115110185W22191400816,"179220396000968	"
5115110185W22191400817,"null	"
5115110185W22191400818,"null	"
5115110185W22191400819,"null	"
5115110185W22191400820,"null	"
5115110185W22191400821,"null	"
5115110185W22191400822,"null	"
5115110185W22191400823,"null	"
5115110185W22191400824,"null	"
5115110185W22191400825,"null	"
5115110185W22191400826,"null	"
5115110185W22191400827,"null	"
5115110185W22191400828,"null	"
5115110185W22191400829,"null	"
5115110185W22191400830,"null	"
5115110185W22191400831,"null	"
5115110185W22191400832,"null	"
5115110185W22191400833,"null	"
5115110185W22191400834,"null	"
5115110185W22191400835,"null	"
5115110185W22191400836,"null	"
5115110185W22191400837,"179220395955833	"
5115110185W22191400838,"null	"
5115110185W22191400839,"null	"
5115110185W22191400840,"null	"
5115110185W22191400841,"null	"
5115110185W22191400842,"null	"
5115110185W22191400843,"null	"
5115110185W22191400844,"null	"
5115110185W22191400845,"null	"
5115110185W22191400846,"null	"
5115110185W22191400847,"null	"
5115110185W22191400848,"null	"
5115110185W22191400849,"null	"
5115110185W22191400850,"null	"
5115110185W22191400851,"190215512256666	"
5115110185W22191400852,"null	"
5115110185W22191400853,"null	"
5115110185W22191400854,"192414535534615	"
5115110185W22191400855,"null	"
5115110185W22191400856,"null	"
5115110185W22191400857,"null	"
5115110185W22191400858,"188016489006529	"
5115110185W22191400859,"null	"
5115110185W22191400860,"null	"
5115110185W22191400861,"null	"
5115110185W22191400862,"null	"
5115110185W22191400863,"null	"
5115110185W22191400864,"null	"
5115110185W22191400865,"null	"
5115110185W22191400866,"null	"
5115110185W22191400867,"null	"
5115110185W22191400868,"null	"
5115110185W22191400869,"null	"
5115110185W22191400870,"null	"
5115110185W22191400871,"null	"
5115110185W22191400872,"null	"
5115110185W22191400873,"null	"
5115110185W22191400874,"null	"
5115110185W22191400875,"null	"
5115110185W22191400876,"null	"
5115110185W22191400877,"186916977424992	"
5115110185W22191400878,"null	"
5115110185W22191400879,"null	"
5115110185W22191400880,"null	"
5115110185W22191400881,"null	"
5115110185W22191400882,"null	"
5115110185W22191400883,"null	"
5115110185W22191400884,"null	"
5115110185W22191400885,"null	"
5115110185W22191400886,"null	"
5115110185W22191400887,"null	"
5115110185W22191400888,"null	"
5115110185W22191400889,"null	"
5115110185W22191400890,"null	"
5115110185W22191400891,"null	"
5115110185W22191400892,"null	"
5115110185W22191400893,"null	"
5115110185W22191400894,"null	"
5115110185W22191400895,"null	"
5115110185W22191400896,"null	"
5115110185W22191400897,"178120884410616	"
5115110185W22191400898,"null	"
5115110185W22191400899,"null	"
5115110185W22191400900,"null	"
5115110185W22191400901,"179220396034342	"
5115110185W22191400902,"null	"
5115110185W22191400903,"null	"
5115110185W22191400904,"null	"
5115110185W22191400905,"178120884399442	"
5115110185W22191400906,"186916977432723	"
5115110185W22191400907,"null	"
5115110185W22191400908,"184717954106498	"
5115110185W22191400909,"null	"
5115110185W22191400910,"180319907661438	"
5115110185W22191400911,"null	"
5115110185W22191400912,"183618442498921	"
5115110185W22191400913,"null	"
5115110185W22191400914,"null	"
5115110185W22191400915,"null	"
5115110185W22191400916,"null	"
5115110185W22191400917,"null	"
5115110185W22191400918,"185817465767252	"
5115110185W22191400919,"null	"
5115110185W22191400920,"null	"
5115110185W22191400921,"null	"
5115110185W22191400922,"null	"
5115110185W22191400923,"null	"
5115110185W22191400924,"null	"
5115110185W22191400925,"null	"
5115110185W22191400926,"null	"
5115110185W22191400927,"null	"
5115110185W22191400928,"null	"
5115110185W22191400929,"null	"
5115110185W22191400930,"null	"
5115110185W22191400931,"null	"
5115110185W22191400932,"null	"
5115110185W22191400933,"null	"
5115110185W22191400934,"null	"
5115110185W22191400935,"184717954142486	"
5115110185W22191400936,"null	"
5115110185W22191400937,"null	"
5115110185W22191400938,"null	"
5115110185W22191400939,"null	"
5115110185W22191400940,"181419419237940	"
5115110185W22191400941,"null	"
5115110185W22191400942,"null	"
5115110185W22191400943,"null	"
5115110185W22191400944,"null	"
5115110185W22191400945,"null	"
5115110185W22191400946,"null	"
5115110185W22191400947,"null	"
5115110185W22191400948,"null	"
5115110185W22191400949,"194613558515338	"
5115110185W22191400950,"null	"
5115110185W22191400951,"null	"
5115110185W22191400952,"null	"
5115110185W22191400953,"null	"
5115110185W22191400954,"null	"
5115110185W22191400955,"186916977284226	"
5115110185W22191400956,"null	"
5115110185W22191400958,"null	"
5115110185W22191400959,"null	"
5115110185W22191400960,"null	"
5115110185W22191400961,"null	"
5115110185W22191400962,"null	"
5115110185W22191400963,"null	"
5115110185W22191400964,"null	"
5115110185W22191400965,"null	"
5115110185W22191400966,"null	"
5115110185W22191400967,"null	"
5115110185W22191400968,"null	"
5115110185W22191400969,"null	"
5115110185W22191400970,"null	"
5115110185W22191400971,"177021372717456	"
5115110185W22191400972,"null	"
5115110185W22191400973,"178120884370045	"
5115110185W22191400974,"null	"
5115110185W22191400975,"null	"
5115110185W22191400976,"null	"
5115110185W22191400977,"182518930875266	"
5115110185W22191400978,"197912093463158	"
5115110185W22191400979,"null	"
5115110185W22191400980,"null	"
5115110185W22191400981,"null	"
5115110185W22191400982,"null	"
5115110185W22191400983,"null	"
5115110185W22191400984,"null	"
5115110185W22191400985,"null	"
5115110185W22191400986,"null	"
5115110185W22191400987,"null	"
5115110185W22191400988,"null	"
5115110185W22191400989,"null	"
5115110185W22191400990,"null	"
5115110185W22191400991,"186916977460015	"
5115110185W22191400992,"null	"
5115110185W22191400993,"null	"
5115110185W22191400994,"null	"
5115110185W22191400995,"null	"
5115110185W22191400996,"null	"
5115110185W22191400997,"null	"
5115110185W22191400998,"null	"
5115110185W22191400999,"null	"
5115110185W22191401000,"null	"
5115110185W22191401001,"null	"
5115110185W22191401002,"null	"
5115110185W22191401003,"null	"
5115110185W22191401004,"188016489079618	"
5115110185W22191401005,"null	"
5115110185W22191401006,"null	"
5115110185W22191401007,"null	"
5115110185W22191401008,"null	"
5115110185W22191401009,"null	"
5115110185W22191401010,"null	"
5115110185W22191401011,"null	"
5115110185W22191401012,"null	"
5115110185W22191401013,"null	"
5115110185W22191401014,"null	"
5115110185W22191401015,"null	"
5115110185W22191401016,"179220395986252	"
5115110185W22191401017,"189116000601353	"
5115110185W22191401018,"null	"
5115110185W22191401019,"null	"
5115110185W22191401020,"null	"
5115110185W22191401021,"null	"
5115110185W22191401022,"null	"
5115110185W22191401023,"null	"
5115110185W22191401024,"null	"
5115110185W22191401025,"181419419264246	"
5115110185W22191401026,"null	"
5115110185W22191401027,"null	"
5115110185W22191401028,"null	"
5115110185W22191401029,"null	"
5115110185W22191401030,"null	"
5115110185W22191401031,"null	"
5115110185W22191401032,"null	"
5115110185W22191401033,"null	"
5115110185W22191401034,"null	"
5115110185W22191401035,"193514046802127	"
5115110185W22191401036,"null	"
5115110185W22191401037,"null	"
5115110185W22191401038,"184717954102150	"
5115110185W22191401039,"180319907632832	"
5115110185W22191401040,"null	"
5115110185W22191401041,"null	"
5115110185W22191401042,"null	"
5115110185W22191401043,"null	"
5115110185W22191401044,"null	"
5115110185W22191401045,"null	"
5115110185W22191401046,"null	"
5115110185W22191401047,"193514046802156	"
5115110185W22191401048,"null	"
5115110185W22191401049,"null	"
5115110185W22191401050,"null	"
5115110185W22191401051,"null	"
5115110185W22191401052,"null	"
5115110185W22191401053,"null	"
5115110185W22191401054,"null	"
5115110185W22191401055,"null	"
5115110185W22191401056,"null	"
5115110185W22191401057,"null	"
5115110185W22191401058,"null	"
5115110185W22191401059,"null	"
5115110185W22191401060,"null	"
5115110185W22191401061,"null	"
5115110185W22191401062,"null	"
5115110185W22191401063,"192414535467215	"
5115110185W22191401064,"null	"
5115110185W22191401065,"194613558437359	"
5115110185W22191401066,"null	"
5115110185W22191401067,"null	"
5115110185W22191401068,"null	"
5115110185W22191401069,"185817465733218	"
5115110185W22191401070,"null	"
5115110185W22191401071,"null	"
5115110185W22191401072,"null	"
5115110185W22191401073,"null	"
5115110185W22191401074,"null	"
5115110185W22191401075,"null	"
5115110185W22191401076,"null	"
5115110185W22191401077,"null	"
5115110185W22191401078,"183618442473254	"
5115110185W22191401079,"null	"
5115110185W22191401080,"null	"
5115110185W22191401081,"null	"
5115110185W22191401082,"null	"
5115110185W22191401083,"null	"
5115110185W22191401084,"181419419306504	"
5115110185W22191401085,"null	"
5115110185W22191401086,"null	"
5115110185W22191401087,"null	"
5115110185W22191401088,"null	"
5115110185W22191401089,"183618442555692	"
5115110185W22191401090,"null	"
5115110185W22191401091,"null	"
5115110185W22191401092,"178120884416429	"
5115110185W22191401093,"177021372786576	"
5115110185W22191401094,"177021372778025	"
5115110185W22191401095,"179220396039063	"
5115110185W22191401096,"195713070144742	"
5115110185W22191401097,"181419419303263	"
5115110185W22191401098,"186916977458202	"
5115110185W22191401099,"null	"
5115110185W22191401100,"null	"
5115110185W22191401101,"null	"
5115110185W22191401102,"null	"
5115110185W22191401103,"null	"
5115110185W22191401104,"null	"
5115110185W22191401105,"null	"
5115110185W22191401106,"null	"
5115110185W22191401107,"null	"
5115110185W22191401108,"null	"
5115110185W22191401109,"184717954124980	"
5115110185W22191401110,"null	"
5115110185W22191401111,"null	"
5115110185W22191401112,"null	"
5115110185W22191401113,"null	"
5115110185W22191401114,"null	"
5115110185W22191401115,"null	"
5115110185W22191401116,"null	"
5115110185W22191401117,"null	"
5115110185W22191401118,"null	"
5115110185W22191401119,"null	"
5115110185W22191401120,"null	"
5115110185W22191401121,"196812581802684	"
5115110185W22191401122,"null	"
5115110185W22191401123,"null	"
5115110185W22191401124,"196812581755233	"
5115110185W22191401125,"null	"
5115110185W22191401126,"186916977440355	"
5115110185W22191401127,"188016489077049	"
5115110185W22191401128,"null	"
5115110185W22191401129,"null	"
5115110185W22191401130,"null	"
5115110185W22191401131,"null	"
5115110185W22191401132,"188016489076109	"
5115110185W22191401133,"null	"
5115110185W22191401134,"null	"
5115110185W22191401135,"null	"
5115110185W22191401136,"null	"
5115110185W22191401137,"null	"
5115110185W22191401138,"null	"
5115110185W22191401139,"null	"
5115110185W22191401140,"192414535542694	"
5115110185W22191401141,"null	"
5115110185W22191401142,"null	"
5115110185W22191401143,"null	"
5115110185W22191401144,"null	"
5115110185W22191401145,"null	"
5115110185W22191401146,"null	"
5115110185W22191401147,"null	"
5115110185W22191401148,"null	"
5115110185W22191401149,"null	"
5115110185W22191401150,"183618442524855	"
5115110185W22191401151,"null	"
5115110185W22191401152,"null	"
5115110185W22191401153,"null	"
5115110185W22191401154,"178120884387917	"
5115110185W22191401155,"195713070129627	"
5115110185W22191401156,"null	"
5115110185W22191401157,"null	"
5115110185W22191401158,"null	"
5115110185W22191401159,"192414535528420	"
5115110185W22191401160,"186916977394882	"
5115110185W22191401161,"null	"
5115110185W22191401162,"null	"
5115110185W22191401163,"null	"
5115110185W22191401164,"183618442562590	"
5115110185W22191401165,"177021372743561	"
5115110185W22191401166,"195713070097692	"
5115110185W22191401167,"192414535474686	"
5115110185W22191401168,"null	"
5115110185W22191401169,"null	"
5115110185W22191401170,"182518930850705	"
5115110185W22191401171,"null	"
5115110185W22191401172,"178120884354648	"
5115110185W22191401173,"178120884361042	"
5115110185W22191401174,"175921861147309	"
5115110185W22191401175,"188016489011066	"
5115110185W22191401176,"null	"
5115110185W22191401177,"182518930853773	"
5115110185W22191401178,"null	"
5115110185W22191401179,"null	"
5115110185W22191401180,"189116000581161	"
5115110185W22191401181,"178120884335792	"
5115110185W22191401182,"null	"
5115110185W22191401183,"null	"
5115110185W22191401184,"180319907671498	"
5115110185W22191401185,"null	"
5115110185W22191401186,"null	"
5115110185W22191401187,"184717954185033	"
5115110185W22191401188,"null	"
5115110185W22191401189,"null	"
5115110185W22191401190,"null	"
5115110185W22191401191,"179220395997542	"
5115110185W22191401192,"null	"
5115110185W22191401193,"null	"
5115110185W22191401194,"null	"
5115110185W22191401195,"null	"
5115110185W22191401196,"null	"
5115110185W22191401197,"null	"
5115110185W22191401198,"null	"
5115110185W22191401199,"null	"
5115110185W22191401200,"null	"
5115110185W22191401201,"null	"
5115110185W22191401202,"null	"
5115110185W22191401203,"null	"
5115110185W22191401204,"188016489031053	"
5115110185W22191401205,"null	"
5115110185W22191401206,"null	"
5115110185W22191401207,"181419419271897	"
5115110185W22191401208,"null	"
5115110185W22191401209,"null	"
5115110185W22191401210,"null	"
5115110185W22191401211,"null	"
5115110185W22191401212,"null	"
5115110185W22191401213,"null	"
5115110185W22191401215,"null	"
5115110185W22191401216,"null	"
5115110185W22191401217,"null	"
5115110185W22191401218,"null	"
5115110185W22191401219,"null	"
5115110185W22191401220,"null	"
5115110185W22191401221,"null	"
5115110185W22191401222,"197912093468773	"
5115110185W22191401223,"null	"
5115110185W22191401224,"null	"
5115110185W22191401225,"null	"
5115110185W22191401226,"null	"
5115110185W22191401227,"null	"
5115110185W22191401228,"null	"
5115110185W22191401229,"null	"
5115110185W22191401230,"null	"
5115110185W22191401231,"null	"
5115110185W22191401232,"null	"
5115110185W22191401233,"null	"
5115110185W22191401234,"null	"
5115110185W22191401235,"null	"
5115110185W22191401236,"null	"
5115110185W22191401237,"null	"
5115110185W22191401238,"null	"
5115110185W22191401239,"null	"
5115110185W22191401240,"null	"
5115110185W22191401241,"null	"
5115110185W22191401242,"null	"
5115110185W22191401243,"null	"
5115110185W22191401244,"null	"
5115110185W22191401245,"null	"
5115110185W22191401246,"null	"
5115110185W22191401247,"null	"
5115110185W22191401248,"null	"
5115110185W22191401249,"null	"
5115110185W22191401250,"null	"
5115110185W22191401251,"null	"
5115110185W22191401252,"null	"
5115110185W22191401253,"null	"
5115110185W22191401254,"null	"
5115110185W22191401255,"null	"
5115110185W22191401256,"null	"
5115110185W22191401257,"null	"
5115110185W22191401258,"null	"
5115110185W22191401259,"null	"
5115110185W22191401260,"null	"
5115110185W22191401261,"null	"
5115110185W22191401262,"null	"
5115110185W22191401263,"null	"
5115110185W22191401264,"null	"
5115110185W22191401265,"null	"
5115110185W22191401266,"null	"
5115110185W22191401267,"null	"
5115110185W22191401268,"null	"
5115110185W22191401269,"null	"
5115110185W22191401270,"null	"
5115110185W22191401271,"null	"
5115110185W22191401272,"null	"
5115110185W22191401273,"null	"
5115110185W22191401274,"null	"
5115110185W22191401275,"null	"
5115110185W22191401276,"null	"
5115110185W22191401277,"null	"
5115110185W22191401278,"null	"
5115110185W22191401279,"null	"
5115110185W22191401280,"null	"
5115110185W22191401281,"null	"
5115110185W22191401282,"null	"
5115110185W22191401283,"null	"
5115110185W22191401284,"null	"
5115110185W22191401285,"null	"
5115110185W22191401286,"null	"
5115110185W22191401287,"null	"
5115110185W22191401288,"null	"
5115110185W22191401289,"null	"
5115110185W22191401290,"null	"
5115110185W22191401291,"null	"
5115110185W22191401292,"null	"
5115110185W22191401293,"null	"
5115110185W22191401294,"null	"
5115110185W22191401295,"null	"
5115110185W22191401296,"null	"
5115110185W22191401297,"null	"
5115110185W22191401298,"null	"
5115110185W22191401299,"null	"
5115110185W22191401300,"null	"
5115110185W22191401301,"null	"
5115110185W22191401302,"null	"
5115110185W22191401303,"null	"
5115110185W22191401304,"null	"
5115110185W22191401305,"null	"
5115110185W22191401306,"null	"
5115110185W22191401307,"null	"
5115110185W22191401308,"null	"
5115110185W22191401309,"null	"
5115110185W22191401310,"null	"
5115110185W22191401311,"null	"
5115110185W22191401312,"null	"
5115110185W22191401313,"null	"
5115110185W22191401314,"null	"
5115110185W22191401315,"null	"
5115110185W22191401316,"null	"
5115110185W22191401318,"null	"
5115110185W22191401319,"null	"
5115110185W22191401320,"null	"
5115110185W22191401321,"null	"
5115110185W22191401322,"null	"
5115110185W22191401323,"null	"
5115110185W22191401324,"null	"
5115110185W22191401325,"null	"
5115110185W22191401326,"null	"
5115110185W22191401327,"null	"
5115110185W22191401328,"null	"
5115110185W22191401329,"null	"
5115110185W22191401330,"null	"
5115110185W22191401331,"null	"
5115110185W22191401332,"null	"
5115110185W22191401333,"null	"
5115110185W22191401334,"195713070111091	"
5115110185W22191401335,"null	"
5115110185W22191401336,"null	"
5115110185W22191401337,"null	"
5115110185W22191401338,"null	"
5115110185W22191401339,"null	"
5115110185W22191401340,"null	"
5115110185W22191401341,"null	"
5115110185W22191401342,"null	"
5115110185W22191401343,"null	"
5115110185W22191401344,"null	"
5115110185W22191401345,"null	"
5115110185W22191401346,"null	"
5115110185W22191401347,"null	"
5115110185W22191401348,"null	"
5115110185W22191401349,"195713070117725	"
5115110185W22191401350,"null	"
5115110185W22191401351,"178120884401017	"
5115110185W22191401352,"null	"
5115110185W22191401353,"null	"
5115110185W22191401354,"null	"
5115110185W22191401355,"null	"
5115110185W22191401356,"null	"
5115110185W22191401357,"null	"
5115110185W22191401358,"null	"
5115110185W22191401360,"null	"
5115110185W22191401361,"null	"
5115110185W22191401362,"186916977417445	"
5115110185W22191401363,"null	"
5115110185W22191401364,"null	"
5115110185W22191401365,"null	"
5115110185W22191401366,"null	"
5115110185W22191401367,"null	"
5115110185W22191401368,"null	"
5115110185W22191401369,"null	"
5115110185W22191401370,"null	"
5115110185W22191401371,"null	"
5115110185W22191401372,"null	"
5115110185W22191401373,"null	"
5115110185W22191401375,"null	"
5115110185W22191401376,"null	"
5115110185W22191401377,"null	"
5115110185W22191401378,"null	"
5115110185W22191401379,"null	"
5115110185W22191401380,"null	"
5115110185W22191401381,"null	"
5115110185W22191401382,"null	"
5115110185W22191401383,"null	"
5115110185W22191401384,"null	"
5115110185W22191401385,"null	"
5115110185W22191401386,"null	"
5115110185W22191401387,"null	"
5115110185W22191401388,"null	"
5115110185W22191401389,"null	"
5115110185W22191401390,"null	"
5115110185W22191401391,"null	"
5115110185W22191401392,"null	"
5115110185W22191401393,"null	"
5115110185W22191401394,"null	"
5115110185W22191401395,"null	"
5115110185W22191401396,"null	"
5115110185W22191401397,"null	"
5115110185W22191401398,"null	"
5115110185W22191401399,"null	"
5115110185W22191401400,"null	"
5115110185W22191401401,"null	"
5115110185W22191401402,"null	"
5115110185W22191401403,"null	"
5115110185W22191401404,"null	"
5115110185W22191401405,"null	"
5115110185W22191401406,"null	"
5115110185W22191401407,"181419419218754	"
5115110185W22191401408,"null	"
5115110185W22191401409,"null	"
5115110185W22191401410,"null	"
5115110185W22191401411,"null	"
5115110185W22191401412,"null	"
5115110185W22191401413,"null	"
5115110185W22191401414,"null	"
5115110185W22191401415,"null	"
5115110185W22191401416,"null	"
5115110185W22191401417,"184717954117548	"
5115110185W22191401418,"null	"
5115110185W22191401419,"null	"
5115110185W22191401420,"null	"
5115110185W22191401421,"181419419218918	"
5115110185W22191401422,"null	"
5115110185W22191401423,"189116000646600	"
5115110185W22191401424,"null	"
5115110185W22191401425,"182518930869875	"
5115110185W22191401426,"175921861099354	"
5115110185W22191401427,"null	"
5115110185W22191401428,"null	"
5115110185W22191401429,"null	"
5115110185W22191401430,"null	"
5115110185W22191401431,"null	"
5115110185W22191401432,"null	"
5115110185W22191401433,"188016489026883	"
5115110185W22191401434,"null	"
5115110185W22191401435,"null	"
5115110185W22191401436,"null	"
5115110185W22191401437,"null	"
5115110185W22191401438,"175921861081581	"
5115110185W22191401439,"null	"
5115110185W22191401440,"null	"
5115110185W22191401441,"null	"
5115110185W22191401442,"null	"
5115110185W22191401443,"null	"
5115110185W22191401444,"null	"
5115110185W22191401445,"null	"
5115110185W22191401446,"null	"
5115110185W22191401447,"null	"
5115110185W22191401448,"null	"
5115110185W22191401449,"null	"
5115110185W22191401450,"null	"
5115110185W22191401451,"182518930864670	"
5115110185W22191401452,"189116000579817	"
5115110185W22191401453,"null	"
5115110185W22191401454,"null	"
5115110185W22191401455,"190215512231128	"
5115110185W22191401456,"null	"
5115110185W22191401457,"196812581762372	"
5115110185W22191401458,"null	"
5115110185W22191401459,"182518930919086	"
5115110185W22191401460,"null	"
5115110185W22191401461,"null	"
5115110185W22191401462,"null	"
5115110185W22191401463,"182518930918295	"
5115110185W22191401464,"196812581735765	"
5115110185W22191401465,"194613558511082	"
5115110185W22191401466,"189116000664194	"
5115110185W22191401467,"null	"
5115110185W22191401468,"null	"
5115110185W22191401469,"null	"
5115110185W22191401470,"null	"
5115110185W22191401471,"null	"
5115110185W22191401472,"null	"
5115110185W22191401473,"null	"
5115110185W22191401474,"null	"
5115110185W22191401475,"null	"
5115110185W22191401476,"null	"
5115110185W22191401477,"183618442565414	"
5115110185W22191401478,"197912093395648	"
5115110185W22191401479,"181419419287160	"
5115110185W22191401480,"null	"
5115110185W22191401481,"null	"
5115110185W22191401482,"null	"
5115110185W22191401483,"null	"
5115110185W22191401484,"null	"
5115110185W22191401485,"null	"
5115110185W22191401486,"188016489077749	"
5115110185W22191401487,"null	"
5115110185W22191401488,"null	"
5115110185W22191401489,"null	"
5115110185W22191401490,"null	"
5115110185W22191401491,"181419419235670	"
5115110185W22191401492,"null	"
5115110185W22191401493,"177021372756080	"
5115110185W22191401494,"null	"
5115110185W22191401495,"175921861120561	"
5115110185W22191401496,"null	"
5115110185W22191401497,"179220395956029	"
5115110185W22191401498,"184717954124577	"
5115110185W22191401499,"197912093394971	"
5115110185W22191401500,"null	"
5115110185W22191401501,"178120884397884	"
5115110185W22191401502,"196812581789367	"
5115110185W22191401503,"null	"
5115110185W22191401504,"null	"
5115110185W22191401505,"192414535497842	"
5115110185W22191401506,"null	"
5115110185W22191401507,"null	"
5115110185W22191401508,"null	"
5115110185W22191401509,"null	"
5115110185W22191401510,"null	"
5115110185W22191401511,"null	"
5115110185W22191401512,"null	"
5115110185W22191401513,"null	"
5115110185W22191401514,"null	"
5115110185W22191401515,"null	"
5115110185W22191401516,"null	"
5115110185W22191401517,"null	"
5115110185W22191401518,"null	"
5115110185W22191401519,"193514046805777	"
5115110185W22191401520,"null	"
5115110185W22191401521,"null	"
5115110185W22191401522,"null	"
5115110185W22191401523,"null	"
5115110185W22191401524,"null	"
5115110185W22191401525,"null	"
5115110185W22191401526,"null	"
5115110185W22191401527,"null	"
5115110185W22191401528,"null	"
5115110185W22191401529,"null	"
5115110185W22191401530,"null	"
5115110185W22191401531,"null	"
5115110185W22191401532,"null	"
5115110185W22191401533,"null	"
5115110185W22191401534,"null	"
5115110185W22191401535,"null	"
5115110185W22191401536,"null	"
5115110185W22191401537,"null	"
5115110185W22191401538,"null	"
5115110185W22191401539,"null	"
5115110185W22191401540,"null	"
5115110185W22191401541,"185817465823490	"
5115110185W22191401542,"null	"
5115110185W22191401543,"null	"
5115110185W22191401544,"null	"
5115110185W22191401545,"179220395957575	"
5115110185W22191401546,"194613558436886	"
5115110185W22191401547,"null	"
5115110185W22191401548,"194613558501470	"
5115110185W22191401549,"null	"
5115110185W22191401550,"null	"
5115110185W22191401551,"null	"
5115110185W22191401552,"null	"
5115110185W22191401553,"null	"
5115110185W22191401554,"null	"
5115110185W22191401555,"null	"
5115110185W22191401556,"null	"
5115110185W22191401557,"null	"
5115110185W22191401558,"178120884338999	"
5115110185W22191401559,"null	"
5115110185W22191401560,"null	"
5115110185W22191401561,"null	"
5115110185W22191401562,"188016489063548	"
5115110185W22191401563,"null	"
5115110185W22191401564,"null	"
5115110185W22191401565,"null	"
5115110185W22191401566,"null	"
5115110185W22191401567,"186916977381816	"
5115110185W22191401568,"null	"
5115110185W22191401569,"null	"
5115110185W22191401570,"null	"
5115110185W22191401571,"null	"
5115110185W22191401572,"null	"
5115110185W22191401573,"null	"
5115110185W22191401574,"null	"
5115110185W22191401575,"null	"
5115110185W22191401576,"null	"
5115110185W22191401577,"null	"
5115110185W22191401578,"null	"
5115110185W22191401579,"null	"
5115110185W22191401580,"null	"
5115110185W22191401581,"null	"
5115110185W22191401582,"null	"
5115110185W22191401583,"null	"
5115110185W22191401585,"null	"
5115110185W22191401586,"null	"
5115110185W22191401587,"null	"
5115110185W22191401588,"null	"
5115110185W22191401589,"null	"
5115110185W22191401590,"null	"
5115110185W22191401591,"null	"
5115110185W22191401592,"175921861158120	"
5115110185W22191401593,"null	"
5115110185W22191401594,"null	"
5115110185W22191401595,"null	"
5115110185W22191401596,"188016489044048	"
5115110185W22191401597,"null	"
5115110185W22191401598,"null	"
5115110185W22191401599,"null	"
5115110185W22191401600,"null	"
5115110185W22191401601,"null	"
5115110185W22191401602,"null	"
5115110185W22191401603,"null	"
5115110185W22191401604,"null	"
5115110185W22191401605,"null	"
5115110185W22191401606,"null	"
5115110185W22191401607,"null	"
5115110185W22191401608,"null	"
5115110185W22191401609,"null	"
5115110185W22191401610,"null	"
5115110185W22191401611,"null	"
5115110185W22191401612,"null	"
5115110185W22191401613,"null	"
5115110185W22191401614,"null	"
5115110185W22191401615,"null	"
5115110185W22191401616,"null	"
5115110185W22191401617,"null	"
5115110185W22191401618,"null	"
5115110185W22191401619,"null	"
5115110185W22191401620,"null	"
5115110185W22191401621,"null	"
5115110185W22191401622,"null	"
5115110185W22191401623,"null	"
5115110185W22191401624,"null	"
5115110185W22191401625,"null	"
5115110185W22191401626,"null	"
5115110185W22191401627,"null	"
5115110185W22191401628,"null	"
5115110185W22191401629,"null	"
5115110185W22191401630,"null	"
5115110185W22191401631,"null	"
5115110185W22191401632,"null	"
5115110185W22191401633,"null	"
5115110185W22191401634,"null	"
5115110185W22191401635,"null	"
5115110185W22191401636,"null	"
5115110185W22191401637,"null	"
5115110185W22191401638,"null	"
5115110185W22191401639,"null	"
5115110185W22191401640,"null	"
5115110185W22191401641,"null	"
5115110185W22191401642,"null	"
5115110185W22191401643,"null	"
5115110185W22191401644,"null	"
5115110185W22191401645,"null	"
5115110185W22191401646,"null	"
5115110185W22191401647,"null	"
5115110185W22191401648,"null	"
5115110185W22191401649,"null	"
5115110185W22191401650,"null	"
5115110185W22191401651,"null	"
5115110185W22191401652,"null	"
5115110185W22191401653,"null	"
5115110185W22191401654,"null	"
5115110185W22191401655,"null	"
5115110185W22191401656,"null	"
5115110185W22191401657,"null	"
5115110185W22191401658,"null	"
5115110185W22191401659,"null	"
5115110185W22191401660,"null	"
5115110185W22191401661,"null	"
5115110185W22191401662,"null	"
5115110185W22191401663,"null	"
5115110185W22191401664,"null	"
5115110185W22191401665,"null	"
5115110185W22191401666,"null	"
5115110185W22191401667,"null	"
5115110185W22191401668,"null	"
5115110185W22191401669,"null	"
5115110185W22191401670,"null	"
5115110185W22191401671,"null	"
5115110185W22191401672,"null	"
5115110185W22191401673,"null	"
5115110185W22191401674,"null	"
5115110185W22191401675,"null	"
5115110185W22191401676,"null	"
5115110185W22191401677,"null	"
5115110185W22191401678,"null	"
5115110185W22191401679,"null	"
5115110185W22191401680,"null	"
5115110185W22191401681,"null	"
5115110185W22191401682,"null	"
5115110185W22191401683,"null	"
5115110185W22191401684,"null	"
5115110185W22191401685,"null	"
5115110185W22191401686,"null	"
5115110185W22191401687,"null	"
5115110185W22191401688,"null	"
5115110185W22191401689,"null	"
5115110185W22191401690,"null	"
5115110185W22191401691,"null	"
5115110185W22191401692,"null	"
5115110185W22191401693,"null	"
5115110185W22191401694,"null	"
5115110185W22191401695,"null	"
5115110185W22191401696,"null	"
5115110185W22191401697,"null	"
5115110185W22191401698,"null	"
5115110185W22191401699,"null	"
5115110185W22191401700,"null	"
5115110185W22191401701,"null	"
5115110185W22191401702,"186916977452802	"
5115110185W22191401703,"null	"
5115110185W22191401704,"null	"
5115110185W22191401705,"177021372751521	"
5115110185W22191401706,"null	"
5115110185W22191401707,"null	"
5115110185W22191401708,"177021372760898	"
5115110185W22191401709,"null	"
5115110185W22191401710,"null	"
5115110185W22191401711,"null	"
5115110185W22191401712,"null	"
5115110185W22191401713,"null	"
5115110185W22191401714,"null	"
5115110185W22191401715,"null	"
5115110185W22191401716,"null	"
5115110185W22191401717,"null	"
5115110185W22191401718,"null	"
5115110185W22191401719,"null	"
5115110185W22191401720,"null	"
5115110185W22191401721,"null	"
5115110185W22191401722,"null	"
5115110185W22191401723,"190215512211159	"
5115110185W22191401724,"180319907668557	"
5115110185W22191401725,"null	"
5115110185W22191401726,"null	"
5115110185W22191401727,"null	"
5115110185W22191401728,"null	"
5115110185W22191401729,"177021372769289	"
5115110185W22191401730,"178120884406280	"
5115110185W22191401731,"194613558504600	"
5115110185W22191401732,"null	"
5115110185W22191401733,"null	"
5115110185W22191401734,"null	"
5115110185W22191401735,"null	"
5115110185W22191401736,"null	"
5115110185W22191401737,"null	"
5115110185W22191401738,"null	"
5115110185W22191401739,"null	"
5115110185W22191401740,"184717954144545	"
5115110185W22191401741,"183618442559942	"
5115110185W22191401742,"null	"
5115110185W22191401743,"184717954159584	"
5115110185W22191401744,"null	"
5115110185W22191401745,"null	"
5115110185W22191401746,"180319907647570	"
5115110185W22191401747,"175921861147607	"
5115110185W22191401748,"null	"
5115110185W22191401749,"196812581820836	"
5115110185W22191401750,"177021372722540	"
5115110185W22191401751,"182518930851299	"
5115110185W22191401752,"196812581790011	"
5115110185W22191401753,"null	"
5115110185W22191401754,"null	"
5115110185W22191401755,"195713070142374	"
5115110185W22191401756,"null	"
5115110185W22191401757,"189116000606007	"
5115110185W22191401758,"null	"
5115110185W22191401759,"null	"
5115110185W22191401760,"193514046838962	"
5115110185W22191401761,"null	"
5115110185W22191401762,"190215512250268	"
5115110185W22191401763,"null	"
5115110185W22191401764,"182518930879614	"
5115110185W22191401765,"null	"
5115110185W22191401766,"180319907588672	"
5115110185W22191401767,"178120884350034	"
5115110185W22191401768,"182518930908452	"
5115110185W22191401769,"194613558517566	"
5115110185W22191401770,"null	"
5115110185W22191401771,"null	"
5115110185W22191401772,"null	"
5115110185W22191401773,"188016489106841	"
5115110185W22191401774,"null	"
5115110185W22191401775,"180319907586356	"
5115110185W22191401776,"null	"
5115110185W22191401777,"null	"
5115110185W22191401778,"null	"
5115110185W22191401779,"null	"
5115110185W22191401780,"null	"
5115110185W22191401781,"189116000578131	"
5115110185W22191401782,"186916977459363	"
5115110185W22191401783,"null	"
5115110185W22191401784,"188016489086243	"
5115110185W22191401785,"null	"
5115110185W22191401786,"177021372752646	"
5115110185W22191401787,"null	"
5115110185W22191401788,"null	"
5115110185W22191401789,"null	"
5115110185W22191401790,"null	"
5115110185W22191401791,"null	"
5115110185W22191401792,"null	"
5115110185W22191401793,"null	"
5115110185W22191401794,"186916977371097	"
5115110185W22191401795,"null	"
5115110185W22191401796,"null	"
5115110185W22191401797,"190215512207405	"
5115110185W22191401798,"null	"
5115110185W22191401799,"null	"
5115110185W22191401800,"null	"
5115110185W22191401801,"null	"
5115110185W22191401802,"188016489055647	"
5115110185W22191401803,"190215512286868	"
5115110185W22191401804,"null	"
5115110185W22191401805,"null	"
5115110185W22191401806,"null	"
5115110185W22191401807,"175921861119689	"
5115110185W22191401808,"null	"
5115110185W22191401809,"null	"
5115110185W22191401810,"null	"
5115110185W22191401811,"null	"
5115110185W22191401812,"null	"
5115110185W22191401813,"null	"
5115110185W22191401814,"null	"
5115110185W22191401815,"null	"
5115110185W22191401816,"null	"
5115110185W22191401817,"null	"
5115110185W22191401818,"null	"
5115110185W22191401819,"null	"
5115110185W22191401820,"null	"
5115110185W22191401374,"null	"
5115110185W22191401359,"null	"
5115110185W22191401214,"null	"
5115110185W22191400082,"null	"
5115110185W22191400299,"null	"
5115110185W22191400957,"null	"
5115110185W22191401317,"null	"
5115110185W22191401584,"null	"
